{"true_generated": [26.0765731296103, 78.26335572954642, 65.85995509552366, 47.578603923706964, 50.908601653255886, 42.27247117788528], "true_selected": [1.1604537542360784, 9.28363003388831, 9.746129718548328, 7.8793128095607265, 8.005449087193384, 5.40704176792466], "reco_generated": [48.88201212592939, 57.16496102392364, 39.909518243533626, 23.848165558082854, 21.434758112677457, 12.68930953002365], "reco_selected": [3.018861578048933, 11.049537920769112, 9.678857037144093, 7.3327222731450945, 6.702040884970771, 3.6999974772734845], "smearing_matrix": [[0.8997721137917415, 0.2606816404443361, 0.0, 0.0, 0.0, 0.0], [1.2697718615191875, 7.080449717875054, 0.9334084544942366, 0.0, 0.0, 0.0], [0.5213632808886716, 2.4049983602283973, 5.608859812140971, 1.1688628394117022, 0.04204542587811873, 0.0], [0.19340895903934618, 0.7399994954548897, 2.1695439753109316, 3.9354518621919246, 0.8409085175623751, 0.0], [0.10090902210748497, 0.4288633439568105, 0.7904540065086324, 1.8331805682859805, 4.465224228256198, 0.3868179180786919], [0.03363634070249498, 0.13454536280997995, 0.1765907886880987, 0.39522700325431565, 1.3538627132754253, 3.313179559195765]]}