{"true_generated": [303.0082504836369, 91.23088509185158, 40.451814934880986], "true_selected": [38.51610678028757, 12.789151124768495, 4.23491790605415], "reco_generated": [151.92187563651214, 80.04640749344185, 35.22291106080036], "reco_selected": [39.52543466248538, 12.527840900370101, 3.486900248254706], "smearing_matrix": [[35.56450005931371, 2.6606349312222353, 0.29097178975168003], [3.398920826942516, 8.411463619810686, 0.9787666780152215], [0.5620137762291884, 1.4557423493371493, 2.217161780487796]]}