{"true_generated": [64.96018298168768, 62.706548154662926, 81.81198967369123, 57.22382462015301, 44.35792430144119], "true_selected": [5.9956777302196445, 9.15749375625381, 12.462264230276233, 8.400676090447789, 5.465905364154011], "reco_generated": [34.393158368321224, 28.532026000908047, 37.07565653934677, 28.986116600391966, 40.86815395355529], "reco_selected": [6.416131989000811, 8.770675838175137, 12.176355334304986, 8.467948771852868, 5.650905238017685], "smearing_matrix": [[5.247269149589168, 0.48772694018617657, 0.09249993693186122, 0.050454511053742476, 0.11772719245873246], [0.6895449844011471, 7.139313314104418, 1.0595447321285931, 0.13454536280997995, 0.13454536280997995], [0.1261362776343562, 0.8409085175623751, 10.023629529343221, 1.2697718615191875, 0.20181804421496993], [0.13454536280997995, 0.1765907886880987, 0.8409085175623751, 6.567495522162031, 0.6811358992255233], [0.21863621456621743, 0.1261362776343562, 0.1597726183368512, 0.44568151430805797, 4.515678739309938]]}