{"true_generated": [37.38152729769511, 99.7902907879726, 86.4176639982343, 64.24910871019327, 66.07278469896454, 50.41844544957041], "true_selected": [1.473956095700939, 12.041182946402966, 13.668798319731716, 11.15621220307396, 10.6122447595353, 6.587781486665321], "reco_generated": [64.32930746764066, 73.7846080921694, 52.20033150656565, 31.50891918845116, 27.650087950126476, 14.509187981693458], "reco_selected": [4.171433154128084, 14.374437785547997, 13.714821967856079, 9.430609724511982, 9.425538897284603, 4.423334281781486], "smearing_matrix": [[1.1735494279144292, 0.3004066677865101, 0.0, 0.0, 0.0, 0.0], [1.8056359085515223, 9.13445934055071, 1.1010876973007542, 0.0, 0.0, 0.0], [0.7701898764545333, 3.2160460891119627, 7.98548603258169, 1.6537230420605664, 0.043353279522971876, 0.0], [0.2754463678979129, 1.0689813790621348, 3.2844047814379866, 5.216644708557171, 1.3107349661186702, 0.0], [0.10120924495358649, 0.5196631818483866, 1.1455377199797379, 2.1357366806453406, 6.2984032846404805, 0.4116946474678093], [0.04540232835609793, 0.13488112718829495, 0.1983057365559106, 0.42450529324890646, 1.7730473670024176, 4.011639634313679]]}