{"true_generated": [37.38152729769511, 99.7902907879726, 86.4176639982343, 64.23958197941059, 66.07278469896454, 50.41844544957041], "true_selected": [1.473956095700939, 12.041182946402966, 13.668798319731716, 11.15621220307396, 10.6122447595353, 6.587781486665321], "reco_generated": [2.296533661482353, 21.719211970225683, 53.66380239887501, 76.67832299841427, 132.0388241551365, 117.97140006564786], "reco_selected": [0.02463596365711024, 1.1952421970622664, 6.885133919243634, 10.681863930057613, 21.629782411744213, 15.123517389345388], "smearing_matrix": [[0.02463596365711024, 0.4688864827500907, 0.690390148481538, 0.17451935465083745, 0.07544486308722674, 0.04007928307413557], [0.0, 0.7263557143121759, 5.365654907626529, 4.258173586753659, 1.48774106231341, 0.20325767539720951], [0.0, 0.0, 0.8290888631355664, 5.467745784922662, 6.924534036225054, 0.44742963544844494], [0.0, 0.0, 0.0, 0.7814252037304544, 9.037663746530676, 1.3371232528127461], [0.0, 0.0, 0.0, 0.0, 4.104398703587845, 6.507846055947494], [0.0, 0.0, 0.0, 0.0, 0.0, 6.587781486665307]]}