{"true_generated": [86.70585213963321, 84.05867542712474, 113.24537269177264, 83.48818361099416, 67.19286664084325], "true_selected": [7.67932767004107, 12.399419249615173, 15.470165400245133, 11.66162471933945, 8.68494850056048], "reco_generated": [46.99920191796218, 39.72772543226836, 51.813734205345554, 41.94508829743779, 58.78358137335812], "reco_selected": [8.673547606085961, 11.700101978979752, 15.442991287062597, 11.566806391042576, 8.512038276630378], "smearing_matrix": [[6.791501835967942, 0.6537194880805346, 0.08215931290471261, 0.03046668463046651, 0.12148034845741451], [0.9852486393998602, 9.41147494085025, 1.5842382483840285, 0.2328334889575405, 0.18562393202350347], [0.13451485973429517, 1.050676613007192, 12.613480384685362, 1.437150675742248, 0.23434286707605562], [0.287183942368885, 0.3201743269936737, 0.978943454515962, 9.049939146771985, 1.0253838486889615], [0.47509832861498047, 0.2640566100480935, 0.1841698865725963, 0.8164163949403235, 6.945207280384515]]}