{"true_generated": [35.69293576563772, 98.67964698660438, 89.19539985618135, 67.36697334638598, 75.71671084274442, 67.8546755952467], "true_selected": [1.473956095700939, 12.041182946402966, 13.668798319731716, 11.177124561285435, 10.687224634922948, 6.847198981757366], "reco_generated": [64.24563047134697, 76.54790858750442, 55.61383607652738, 36.13236003330246, 33.51392637666817, 21.427722170928575], "reco_selected": [4.171433154128084, 14.383963083842367, 13.714821967856079, 9.505776088021555, 9.491761882548019, 4.627729363405294], "smearing_matrix": [[1.1735494279144292, 0.3004066677865101, 0.0, 0.0, 0.0, 0.0], [1.8056359085515223, 9.13445934055071, 1.1010876973007542, 0.0, 0.0, 0.0], [0.7701898764545333, 3.2160460891119627, 7.98548603258169, 1.6537230420605664, 0.043353279522971876, 0.0], [0.2754463678979129, 1.0689813790621348, 3.2844047814379866, 5.237557066768646, 1.3107349661186702, 0.0], [0.10120924495358649, 0.529188480142758, 1.1455377199797379, 2.1623639373504284, 6.33723060502867, 0.4116946474678093], [0.04540232835609793, 0.13488112718829495, 0.1983057365559106, 0.45213204184192535, 1.8004430318776412, 4.21603471593751]]}