{"true_generated": [156.13248741087676, 156.60708989880078, 231.2984195306317, 178.93067696081982, 142.62855055275782], "true_selected": [11.43734015294736, 16.024125025537113, 22.65322212957399, 16.8943320884444, 13.058396346884521], "reco_generated": [92.90446518228595, 74.54733414655703, 102.40940137699738, 86.40983427074048, 127.86334669936707], "reco_selected": [11.953845213330343, 16.308745980369626, 23.295635795215702, 15.882103834096661, 12.627084920375054], "smearing_matrix": [[9.936186655133165, 0.9675583875636026, 0.22826298443360746, 0.11680779384571846, 0.1885243319712673], [0.9475549760897721, 13.227127251596952, 1.6483890670307393, 0.09758003286468803, 0.10347369795498156], [0.26495124189347574, 1.5685023433766123, 18.58339105645392, 2.106328127771785, 0.13004936007820045], [0.11789646510522764, 0.2637915357441132, 2.503985444946721, 12.833176046465223, 1.1754825961831714], [0.6872558751087069, 0.2817664620883785, 0.33160724235076855, 0.7282118331492589, 11.029554934187495]]}