{"true_generated": [126.56508793694876, 114.91766580770629, 164.0631018777877, 128.94399451304747, 102.03606799825263], "true_selected": [11.43734015294736, 16.024125025537113, 22.65322212957399, 16.8943320884444, 13.058396346884521], "reco_generated": [67.0529356513984, 55.594200094564826, 75.18008747148099, 62.623457960200255, 91.26424968757351], "reco_selected": [11.953845213330343, 16.308745980369626, 23.295635795215702, 15.882103834096661, 12.627084920375054], "smearing_matrix": [[9.936186655133165, 0.9675583875636026, 0.22826298443360746, 0.11680779384571846, 0.1885243319712673], [0.9475549760897721, 13.227127251596952, 1.6483890670307393, 0.09758003286468803, 0.10347369795498156], [0.26495124189347574, 1.5685023433766123, 18.58339105645392, 2.106328127771785, 0.13004936007820045], [0.11789646510522764, 0.2637915357441132, 2.503985444946721, 12.833176046465223, 1.1754825961831714], [0.6872558751087069, 0.2817664620883785, 0.33160724235076855, 0.7282118331492589, 11.029554934187495]]}