{"true_generated": [32.102225652043415, 97.24330035911814, 95.16287269847297, 70.46000528962045, 100.14757262997944, 135.9392611246201], "true_selected": [3.285092425152104, 17.495961470196747, 15.949503579969399, 13.682356201661023, 15.285260783430417, 14.369241282977669], "reco_generated": [95.82066027938029, 117.0990042846651, 88.56373807251202, 63.05777719446206, 72.10764440939522, 64.15761066685161], "reco_selected": [6.199214842917968, 20.451416438052608, 17.17001444707181, 13.050669842810578, 12.75900699352831, 10.437093179005998], "smearing_matrix": [[2.857957932944464, 0.3980842318064343, 0.029050260401202923, 0.0, 0.0, 0.0], [2.125454295318083, 13.426351438692691, 1.9392744818601775, 0.004881254325805653, 0.0, 0.0], [0.6366522201510155, 3.806669733726048, 9.627285548551736, 1.8711788251331398, 0.0077172524074635976, 0.0], [0.2964373537882785, 1.4859027413471102, 3.4833959673153454, 6.632851423105533, 1.783768716104716, 0.0], [0.22909049291530723, 1.0422210077501852, 1.331595762260488, 3.7578575597693504, 8.07197451364088, 0.8525214470943239], [0.0536225478008179, 0.2921872847301837, 0.7594124266828489, 0.7839007804767864, 2.895546511375339, 9.584571731911765]]}