{"true_generated": [600.1552038626833, 174.71025092322225, 90.682158579408], "true_selected": [55.5061857000624, 18.41889327862954, 6.142336764695685], "reco_generated": [297.87385329847416, 164.35430319316174, 74.82634419638248], "reco_selected": [54.966867201090366, 19.050605388661253, 6.049943153635752], "smearing_matrix": [[50.94210089723186, 3.9948899725359936, 0.5691948302945815], [3.726804485545516, 13.154934530300219, 1.5371542627836525], [0.29796181831303653, 1.9007808858250657, 3.943594060557626]]}