{"true_generated": [96.72319487214119, 127.73280711080352, 136.2799760091474, 112.41314894684808, 129.67823600510712, 120.11688561242465, 142.5468461797974], "true_selected": [5.991502348719839, 13.886537498488954, 16.539843200419565, 14.187806108473552, 11.589065266606227, 10.676057055721706, 7.196604264957571], "reco_generated": [187.92253898857908, 119.87203096773806, 97.26796760331086, 75.08796488202142, 81.74062869220631, 70.77403045352196, 78.66094557354108], "reco_selected": [12.188579168125216, 17.752346108202943, 15.78975299617683, 11.963786357426407, 10.234991627971247, 7.469071354137398, 4.668888131347217], "smearing_matrix": [[5.343407761441859, 0.6480945872779839, 0.0, 0.0, 0.0, 0.0, 0.0], [4.1375358497046815, 8.35822725254156, 1.3907501950605634, 2.4201182156505097e-05, 0.0, 0.0, 0.0], [1.3015137392196134, 5.548635050843412, 7.7910882103348555, 1.8253190039645575, 0.07328719605712791, 0.0, 0.0], [0.6894687320714405, 1.9344439927990225, 4.54355021408138, 5.726003314200174, 1.2666856894644662, 0.027654165856972893, 0.0], [0.27638823177375044, 0.95944271494632, 1.077227202126209, 3.170225011172827, 5.166996819434101, 0.9387852871531149, 0.0], [0.3640278759231761, 0.24720219797247156, 0.864923979862394, 0.9385140150180541, 2.980956771059537, 4.949506289480533, 0.3309259264056405], [0.07623697799070986, 0.05630031182225432, 0.12221319471148315, 0.3037008118886467, 0.7470651519560374, 1.5531256116468828, 4.3379622049415465]]}