{"true_generated": [35.69293576563772, 98.67964698660438, 89.19539985618135, 67.36697334638598, 75.71671084274442, 67.8546755952467], "true_selected": [1.4956473950946596, 11.810348928875788, 14.301457684119136, 11.450497354844536, 11.967697746049431, 8.426795104364302], "reco_generated": [64.24563047134697, 76.54790858750442, 55.61383607652738, 36.13236003330246, 33.51392637666817, 21.427722170928575], "reco_selected": [4.139527376896062, 14.313540365402464, 14.620436257192399, 10.036341993158345, 10.40919715150001, 5.933401069198624], "smearing_matrix": [[1.2086707629408897, 0.2781695989247946, 0.008807033228975854, 0.0, 0.0, 0.0], [1.738332692259008, 8.90064868157814, 1.1713675550386553, 0.0, 0.0, 0.0], [0.7398617700450169, 3.407520263405819, 8.452853160328669, 1.6650308170098398, 0.03619167332975829, 0.0], [0.2812823628876081, 1.0007059465737345, 3.327862690180094, 5.458680887629733, 1.3819654675733437, 0.0], [0.1166545238893392, 0.5890420118992511, 1.3377344539372364, 2.4212808713374496, 7.031780734337187, 0.47120515064910845], [0.054725264874198654, 0.13745386302071444, 0.3218113644787355, 0.49134941718124375, 1.9592592762598826, 5.462195918549409]]}
