{"true_generated": [86.70585213963321, 84.05867542712474, 113.24537269177264, 83.48818361099416, 67.19286664084325], "true_selected": [7.670918584865447, 12.331107480902443, 15.364714088092473, 11.560460271237687, 8.612975386012074], "reco_generated": [46.99920191796218, 39.72772543226836, 51.813734205345554, 41.94508829743779, 58.78358137335812], "reco_selected": [8.665138520910338, 11.62470578881348, 15.347112546320268, 11.46315379298403, 8.440065162081979], "smearing_matrix": [[6.783092750792318, 0.6537194880805346, 0.08215931290471261, 0.03046668463046651, 0.12148034845741451], [0.9852486393998602, 9.35401313415397, 1.5842382483840285, 0.2219835269410944, 0.18562393202350347], [0.13451485973429517, 1.0411513147128206, 12.527124974445584, 1.4275800721237382, 0.23434286707605562], [0.287183942368885, 0.3201743269936737, 0.9694201240134103, 8.96670711434839, 1.0169747635133377], [0.47509832861498047, 0.2556475248724697, 0.1841698865725963, 0.8164163949403235, 6.8816432510117265]]}