{"true_generated": [114.07559913212614, 35.69088873354934, 26.195667544760624, 15.565703650998273, 0.0, 0.0, 0.0], "true_selected": [17.359033168245873, 5.605835464194257, 3.702958558868623, 1.6875743686542535, 0.0, 0.0, 0.0], "reco_generated": [55.17278725239606, 20.68946560294779, 17.172979599116502, 26.719580456575954, 0.0, 0.0, 0.0], "reco_selected": [16.980770412306335, 5.726948185321561, 3.6173943013686625, 1.6125802647149214, 0.0, 0.0, 0.0], "smearing_matrix": [[14.286760584965242, 0.9430782801468963, 0.12933666871693122, 0.057267785151394204, 0.0, 0.0, 0.0], [0.5824173522504861, 4.10235226443374, 0.49740570091236347, 0.023178511077535956, 0.0, 0.0, 0.0], [0.08715601230608154, 0.44782633989888215, 2.7191838083189435, 0.2466575773442014, 0.0, 0.0, 0.0], [0.027186771192943538, 0.031248685212327345, 0.13547457450214476, 1.048062795049773, 0.0, 0.0, 0.0], [0.0, 0.0, 0.0, 0.0, 0.0, 0.0, 0.0], [0.0, 0.0, 0.0, 0.0, 0.0, 0.0, 0.0], [0.0, 0.0, 0.0, 0.0, 0.0, 0.0, 0.0]]}