{"true_generated": [35.69293576563772, 98.67964698660438, 89.19539985618135, 67.36697334638598, 75.71671084274442, 67.8546755952467], "true_selected": [1.4956473950946596, 11.810348928875788, 14.301457684119136, 11.450497354844536, 11.967697746049431, 8.426795104364302], "reco_generated": [64.24563047134697, 76.54790858750442, 55.61383607652738, 36.13236003330246, 33.51392637666817, 21.427722170928575], "reco_selected": [6.962881355995974, 18.16041002459981, 15.368517612527267, 8.267385100042397, 7.364255493892898, 3.328994626289557], "smearing_matrix": [[1.4565206648738747, 0.030319696991809083, 0.008807033228975854, 0.0, 0.0, 0.0], [3.654385379801072, 7.938530918000244, 0.2174326310744991, 0.0, 0.0, 0.0], [1.193620784469273, 7.345316965017484, 5.717594678807671, 0.04492525582467364, 0.0, 0.0], [0.41047653788503885, 1.6510637015749907, 6.709544737878373, 2.6246801459170865, 0.05473223158902182, 0.0], [0.1890858176659931, 0.9629316516107622, 2.1644130244506714, 4.949330719572794, 3.670404201573573, 0.03153233117577443], [0.05879217130071913, 0.23224709140449115, 0.5507255070870253, 0.6484489787279399, 3.63911906073034, 3.297462295113664]]}