{"true_generated": [57.16908120756159, 74.04440876334047, 79.86031164494085, 66.53155318613591, 67.03091561367938, 50.77815211421864, 39.04057501992531], "true_selected": [4.0918593792493905, 10.355066184320153, 13.415229815473708, 10.993455170654478, 8.285161232180634, 5.452249731414483, 2.9471542978173133], "reco_generated": [102.51539835274822, 67.3505351218262, 56.94368899314813, 39.89775249378033, 39.10413367014286, 28.73309685634797, 23.34679262699808], "reco_selected": [7.903409121748291, 13.451421497725454, 12.74079899012311, 8.241033816282702, 7.25979386429313, 4.136273990488007, 1.807444530449395], "smearing_matrix": [[3.657332509820589, 0.4221524992876468, 0.012374370141158835, 0.0, 0.0, 0.0, 0.0], [2.489424846666881, 6.787307751097827, 1.0611507887907687, 0.011132447904965427, 0.006050349859702596, 0.0, 0.0], [1.1775264767518343, 3.821824148868458, 7.016476932045618, 1.3321520380998901, 0.0562534532041847, 0.010996766503759667, 0.0], [0.3463867023302076, 1.4748828619877519, 3.3450837584463726, 4.426685184192278, 1.3642709914587552, 0.03614567223907531, 0.0], [0.18797769680695017, 0.6048779127540536, 0.9628433950498523, 1.8920893845624847, 3.9039526437749634, 0.7334201992323416, 0.0], [0.03327440634700782, 0.27458714082940994, 0.273744976929835, 0.5113605925531373, 1.7656671474375267, 2.4190239020670505, 0.17459156525050437], [0.011486483024824475, 0.06578918290032587, 0.0691247687195712, 0.06761416896998135, 0.16359927855798992, 0.9366874504457152, 1.632852965198913]]}