{"true_generated": [58.360420794350475, 170.2369270660233, 159.06479147952777, 114.77423503319812, 156.1971464220523, 206.67686759713604], "true_selected": [2.567804890651378, 17.88892217577271, 20.12295543579536, 16.128091638174247, 21.380667225047304, 20.689146988115127], "reco_generated": [118.28211622784198, 135.39360708895265, 100.51286763879853, 71.14043502457264, 81.81420325035435, 72.21663414740738], "reco_selected": [11.773916187001142, 27.387437521759914, 21.772309396641155, 14.534751866900585, 14.138753225993568, 9.17042015525982], "smearing_matrix": [[2.472725422146305, 0.09507946850507368, 0.0, 0.0, 0.0, 0.0], [5.6770793580070205, 12.1279925062724, 0.06337308535656616, 0.02047722613673303, 0.0, 0.0], [2.314034590722359, 9.24649783052373, 8.411139929364635, 0.15128308518459152, 0.0, 0.0], [0.5555394838253932, 3.3380470242660536, 8.311641128621227, 3.8298044673065936, 0.09305953415504493, 0.0], [0.6031875645121036, 1.7588489660035205, 3.8877513784945266, 8.881603945489665, 6.249275370547604, 0.0], [0.15134976778795725, 0.8209717261891092, 1.0984038748041474, 1.651583142783034, 7.796418321291009, 9.170420155259853]]}