{"true_generated": [246.4273134982182, 73.93058538343666, 56.14264874631033, 35.05758636130997, 0.0, 0.0, 0.0], "true_selected": [30.165722495515936, 8.270241612763343, 6.28975511279296, 2.6864811377400883, 0.0, 0.0, 0.0], "reco_generated": [114.3832177758826, 40.77687647432401, 40.88063333697687, 56.50505363504601, 0.0, 0.0, 0.0], "reco_selected": [30.50699496083132, 7.529972822230917, 7.538165296292405, 1.732482444737471, 0.0, 0.0, 0.0], "smearing_matrix": [[25.704505680680267, 1.2438831806082726, 0.316000862473257, 0.0875175076275624, 0.0, 0.0, 0.0], [1.3532983803094587, 5.675983487815647, 0.8798647206492309, 0.0, 0.0, 0.0, 0.0], [0.09142424704192716, 0.3856984841725667, 5.204161745690666, 0.20993908281053808, 0.0, 0.0, 0.0], [0.10812837265106041, 0.014238374373037727, 0.7500343513937185, 1.383139298581324, 0.0, 0.0, 0.0], [0.0, 0.0, 0.0, 0.0, 0.0, 0.0, 0.0], [0.0, 0.0, 0.0, 0.0, 0.0, 0.0, 0.0], [0.0, 0.0, 0.0, 0.0, 0.0, 0.0, 0.0]]}