{"true_generated": [58.360420794350475, 170.2369270660233, 159.06479147952777, 114.77423503319812, 156.1971464220523, 206.67686759713604], "true_selected": [2.567804890651378, 17.88892217577271, 20.12295543579536, 16.128091638174247, 21.380667225047304, 20.689146988115127], "reco_generated": [118.28211622784198, 135.39360708895265, 100.51286763879853, 71.14043502457264, 81.81420325035435, 72.21663414740738], "reco_selected": [6.5343462086169515, 23.084695095076995, 20.72070646182908, 15.930645041206759, 17.786299223218705, 14.72089632360769], "smearing_matrix": [[2.1178929539291484, 0.4499119367222303, 0.0, 0.0, 0.0, 0.0], [2.536097346582748, 13.793520420621505, 1.5388271824317439, 0.0, 0.02047722613673303, 0.0], [0.9324548665520002, 5.599591062058473, 11.537127279969793, 2.020410588537754, 0.03337163867727168, 0.0], [0.46869666866757403, 1.5287779436022193, 4.7808378198168455, 7.866120485264454, 1.483658720823212, 0.0], [0.38749861739190106, 1.1452904668122947, 2.0856537532920405, 4.928015168704039, 11.938574518265863, 0.8956347005812805], [0.09170575549358528, 0.5676032652602764, 0.7782604263186085, 1.116098798700422, 4.310217119315646, 13.825261623026572]]}