{"response_matrix": [[0.07605480401040467, -0.0002692334383675869, -0.000631081731809418, 0.007046749780488065, 0.0006700218881737359, 0.003695949972051284], [-0.0002692334383675869, 0.29535394264830145, 0.032431450403996094, 0.02151403156669803, 0.028411796021176012, 0.006878044343282708], [-0.000631081731809418, 0.032431450403996094, 0.36311112693055764, 0.021965412349405238, 0.033202196618140584, 0.010050215854134344], [0.007046749780488065, 0.02151403156669803, 0.021965412349405238, 0.20264823209505411, 0.008187895352179392, 0.011017277478518328], [0.0006700218881737359, 0.028411796021176012, 0.033202196618140584, 0.008187895352179392, 0.33585309974349076, 0.012342697244641918], [0.003695949972051284, 0.006878044343282708, 0.010050215854134344, 0.011017277478518328, 0.012342697244641918, 0.10726306193311476]], "stat": [[0.37441414083433544, 0.0, 0.0, 0.0, 0.0, 0.0], [0.0, 0.8016344202581525, 0.0, 0.0, 0.0, 0.0], [0.0, 0.0, 0.8021582251468407, 0.0, 0.0, 0.0], [0.0, 0.0, 0.0, 0.2824057956777745, 0.0, 0.0], [0.0, 0.0, 0.0, 0.0, 0.3660340102540316, 0.0], [0.0, 0.0, 0.0, 0.0, 0.0, 0.19171724990178735]]}