{"ppfx": [[1.8816153660454409, 4.253051399631161, 4.040834701780854, 2.931137663870005, 2.811635826950843, 1.4445887939752715], [4.253051399631161, 12.135908368560358, 10.757917219787762, 8.13377925348024, 7.039868950701207, 3.9087909928256717], [4.040834701780854, 10.757917219787762, 10.237663219163936, 7.569004190012893, 6.824670108671634, 3.6755229157537417], [2.931137663870005, 8.13377925348024, 7.569004190012893, 5.794309152838437, 5.007874810050191, 2.788600657187145], [2.811635826950843, 7.039868950701207, 6.824670108671634, 5.007874810050191, 4.8894948644576015, 2.48652074866971], [1.4445887939752715, 3.9087909928256717, 3.6755229157537417, 2.788600657187145, 2.48652074866971, 1.4270187012929054]], "beamline": [[0.01612207938656951, 0.04923335307384847, 0.05280126585345227, 0.03404973461542301, 0.042317680400135296, 0.02272523738999623], [0.04923335307384847, 0.24969855960140194, 0.18428412288791063, 0.1371168132079149, 0.21179744335718567, 0.06915039135315558], [0.05280126585345227, 0.18428412288791063, 0.19997895405288277, 0.1272156784011204, 0.14604236647315474, 0.07516293082116685], [0.03404973461542301, 0.1371168132079149, 0.1272156784011204, 0.09711285214367517, 0.1350388573820245, 0.05416880720112869], [0.042317680400135296, 0.21179744335718567, 0.14604236647315474, 0.1350388573820245, 0.28402303250333216, 0.0716457939027731], [0.02272523738999623, 0.06915039135315558, 0.07516293082116685, 0.05416880720112869, 0.0716457939027731, 0.059162498901168155]], "genie_ms": [[0.30303398943289495, 0.25444883931897255, 0.08354792084244253, 0.13455560167207212, 0.0389718211824674, 0.018247087626913683], [0.25444883931897255, 0.8681036103216467, 0.3448300214652774, 0.22947480993093225, 0.2341599901408423, 0.16056948896486273], [0.08354792084244253, 0.3448300214652774, 0.5706185402194303, 0.08102432793886533, 0.27125882059776363, 0.12318945557495449], [0.13455560167207212, 0.22947480993093225, 0.08102432793886533, 0.1597050320783097, 0.04872126910947065, 0.048245291563926165], [0.0389718211824674, 0.2341599901408423, 0.27125882059776363, 0.04872126910947065, 0.3734581316430898, 0.09345050109329693], [0.018247087626913683, 0.16056948896486273, 0.12318945557495449, 0.048245291563926165, 0.09345050109329693, 0.10981587040918761]], "genie_us": [[0.9502309240190284, -0.6286500257733458, -0.13715329353387629, 0.1698131642177031, 0.12947825527098591, 0.1469313579863801], [-0.6286500257733458, 1.1619329899058055, 0.286213550409906, -0.3281391917024367, -0.12173871961499984, 0.005492057509310642], [-0.13715329353387629, 0.286213550409906, 0.10821013267874603, -0.05838021841925973, -0.023673016130335463, 0.01784542301861074], [0.1698131642177031, -0.3281391917024367, -0.05838021841925973, 0.10751890274943973, 0.03688044647167484, 0.0032705669794085295], [0.12947825527098591, -0.12173871961499984, -0.023673016130335463, 0.03688044647167484, 0.020321518057286544, 0.015960915109648907], [0.1469313579863801, 0.005492057509310642, 0.01784542301861074, 0.0032705669794085295, 0.015960915109648907, 0.056798774661545585]], "geant4": [[0.0255524043427426, 0.027003592520406922, 0.029152635074900277, 0.01678858680734408, 0.023605811986866038, 0.0098600297699274], [0.027003592520406922, 0.0874316935325665, 0.03529251431745788, 0.01627663258921743, -0.00020135667165773467, -0.012837603229820731], [0.029152635074900277, 0.03529251431745788, 0.03765944831024497, 0.020198223166056736, 0.02731834923667866, 0.010950045483024582], [0.01678858680734408, 0.01627663258921743, 0.020198223166056736, 0.011842594745124795, 0.01733525053930263, 0.007603332488740806], [0.023605811986866038, -0.00020135667165773467, 0.02731834923667866, 0.01733525053930263, 0.03702085224319156, 0.02069620567376424], [0.0098600297699274, -0.012837603229820731, 0.010950045483024582, 0.007603332488740806, 0.02069620567376424, 0.015132470232658886]], "detector": [[0.25844265901454644, 0, 0, 0, 0, 0], [0, 3.068847860422723, 0, 0, 0, 0], [0, 0, 2.7936627049641305, 0, 0, 0], [0, 0, 0, 1.3209098108949853, 0, 0], [0, 0, 0, 0, 1.319489696385326, 0], [0, 0, 0, 0, 0, 0.29059834850101873]], "pot_counting": [[0.006960341844891249, 0.023984802612566115, 0.022884185232295608, 0.0157356632286824, 0.015727202222147175, 0.0073806572959506924], [0.023984802612566115, 0.08264978490761851, 0.07885714207397329, 0.054223885109145685, 0.05419472913144036, 0.025433177326528163], [0.022884185232295608, 0.07885714207397329, 0.07523853647079005, 0.051735653234114554, 0.05170783516926679, 0.02426609676083641], [0.0157356632286824, 0.05422388510914568, 0.051735653234114554, 0.03557455980818658, 0.03555543150208021, 0.016685895636094634], [0.015727202222147175, 0.05419472913144036, 0.05170783516926679, 0.035555431502080216, 0.035536313481191614, 0.016676923693191983], [0.0073806572959506924, 0.025433177326528163, 0.024266096760836412, 0.016685895636094638, 0.016676923693191983, 0.007826354413936304]], "dirt": [[0.024125554240211945, 0.0, 0.0, 0.0, 0.0, 0.0], [0.0, 0.0, 0.0, 0.0, 0.0, 0.0], [0.0, 0.0, 0.0, 0.0, 0.0, 0.0], [0.0, 0.0, 0.0, 0.0, 0.0, 0.0], [0.0, 0.0, 0.0, 0.0, 0.0, 0.0], [0.0, 0.0, 0.0, 0.0, 0.0, 0.0]], "response_matrix": [[0.07605480401040467, -0.0003731139740910978, -0.0006310817318094184, 0.007202071917030996, 0.00041249921385142993, 0.003503924169111575], [-0.0003731139740910978, 0.29525663049982837, 0.03228803178828293, 0.021841492847096307, 0.028300979705942864, 0.0063700159813004165], [-0.0006310817318094184, 0.03228803178828293, 0.3631111269305577, 0.022701971524717923, 0.03251791727543635, 0.007847722630557188], [0.007202071917030996, 0.021841492847096307, 0.022701971524717923, 0.20253899664675964, 0.00824264576475013, 0.011073417011536326], [0.00041249921385142993, 0.028300979705942864, 0.03251791727543635, 0.00824264576475013, 0.3362067607027525, 0.012016246476697785], [0.003503924169111575, 0.0063700159813004165, 0.007847722630557188, 0.011073417011536326, 0.012016246476697785, 0.10391875410588121]], "stat": [[0.37441414083433544, 0.0, 0.0, 0.0, 0.0, 0.0], [0.0, 0.8015436889505556, 0.0, 0.0, 0.0, 0.0], [0.0, 0.0, 0.8021582251468407, 0.0, 0.0, 0.0], [0.0, 0.0, 0.0, 0.2816230792412451, 0.0, 0.0], [0.0, 0.0, 0.0, 0.0, 0.36533517471250465, 0.0], [0.0, 0.0, 0.0, 0.0, 0.0, 0.18822969573441056]]}