{"genie_ms": [[0.2866420677962628, 0.2797690875435159, 0.08125547231425723, 0.12669591538543548, 0.018853365997966425, 0.042881216503739536], [0.2797690875435159, 0.8983318961369514, 0.3668605111681396, 0.21623791773991277, 0.26470839326070034, 0.19148946821033114], [0.08125547231425723, 0.3668605111681396, 0.5455164142334032, 0.08673222530710778, 0.29188645184741785, 0.14956682795696458], [0.12669591538543548, 0.21623791773991277, 0.08673222530710778, 0.13408882826777213, 0.034814201998484, 0.0517031127472724], [0.018853365997966425, 0.26470839326070034, 0.29188645184741785, 0.034814201998484, 0.41964393784566034, 0.135942995983477], [0.042881216503739536, 0.19148946821033114, 0.14956682795696458, 0.0517031127472724, 0.135942995983477, 0.11248154277341109]], "genie_us": [[0.9502962711691605, -0.6288937621521701, -0.1367614978948481, 0.17226943618791535, 0.12434599277326741, 0.14842158105256958], [-0.6288937621521701, 1.1623257718942865, 0.28627937458086566, -0.3252680282006484, -0.12047997442020862, 0.017231680565517153], [-0.1367614978948481, 0.28627937458086566, 0.108141610177038, -0.057367573372068804, -0.023283136062411558, 0.021359955863043654], [0.17226943618791535, -0.3252680282006484, -0.057367573372068804, 0.10600813452644706, 0.03682126207539736, 0.0012032399188632245], [0.12434599277326741, -0.12047997442020862, -0.023283136062411558, 0.03682126207539736, 0.019269697179885928, 0.01445643985644423], [0.14842158105256958, 0.017231680565517153, 0.021359955863043654, 0.0012032399188632245, 0.01445643985644423, 0.06120706194890815]], "response_matrix": [[0.07605480401040467, -0.0002692334383675869, -0.000631081731809418, 0.007046749780488065, 0.0006700218881737359, 0.003695949972051284], [-0.0002692334383675869, 0.29535394264830145, 0.032431450403996094, 0.02151403156669803, 0.028411796021176012, 0.006878044343282708], [-0.000631081731809418, 0.032431450403996094, 0.36311112693055764, 0.021965412349405238, 0.033202196618140584, 0.010050215854134344], [0.007046749780488065, 0.02151403156669803, 0.021965412349405238, 0.20264823209505411, 0.008187895352179392, 0.011017277478518328], [0.0006700218881737359, 0.028411796021176012, 0.033202196618140584, 0.008187895352179392, 0.33585309974349076, 0.012342697244641918], [0.003695949972051284, 0.006878044343282708, 0.010050215854134344, 0.011017277478518328, 0.012342697244641918, 0.10726306193311476]], "stat": [[0.7842851249841309, 0.0, 0.0, 0.0, 0.0, 0.0], [0.0, 1.4531507722935377, 0.0, 0.0, 0.0, 0.0], [0.0, 0.0, 1.0674229793869041, 0.0, 0.0, 0.0], [0.0, 0.0, 0.0, 0.29359533287188944, 0.0, 0.0], [0.0, 0.0, 0.0, 0.0, 0.28332315229023425, 0.0], [0.0, 0.0, 0.0, 0.0, 0.0, 0.292011074673195]]}