{"response_matrix": [[0.055963172860110266, 0.006448999470371201, 0.008761517339650506, 0.00439642153586832, 0.002241875868530962], [0.006448999470371201, 0.08463470323569477, 0.0070393799153101, 0.00602543031655281, 0.00709439440640309], [0.008761517339650506, 0.0070393799153101, 0.11983520916058218, 0.012028020426645476, 0.005640470304339153], [0.00439642153586832, 0.00602543031655281, 0.012028020426645476, 0.0786005045426597, 0.006365982744735639], [0.002241875868530962, 0.00709439440640309, 0.005640470304339153, 0.006365982744735639, 0.05004621584603135]], "stat": [[0.2705174112642839, 0.0, 0.0, 0.0, 0.0], [0.0, 0.14580407311253946, 0.0, 0.0, 0.0], [0.0, 0.0, 0.24281637391639155, 0.0, 0.0], [0.0, 0.0, 0.0, 0.2713787680612042, 0.0], [0.0, 0.0, 0.0, 0.0, 0.8186901388081402]]}